{
  "Lake Anne Brewhouse": {
    "description": "Craft Brewery & Taproom",
    "gps_coordinates": {
      "latitude": 38.968278999999995,
      "longitude": -77.3412032
    }
  },
  "OmMade Peanut Butter": {
    "description": "Locally Sourced Peanut Butter",
    "gps_coordinates": null
  },
  "Nordic-Knot": {
    "description": "Fresh Baked Soft Pretzels",
    "gps_coordinates": {
      "latitude": 38.9680446,
      "longitude": -77.34108719999999
    }
  },
  "Semicolon Craft and Forgeworks": {
    "description": "Hand Forged Blacksmith Goods",
    "gps_coordinates": {
      "latitude": 38.7285845,
      "longitude": -77.7881165
    }
  },
  "Ana's Twist": {
    "description": "Handmade Gluten Free & Vegan Foods",
    "gps_coordinates": null
  },
  "King of Baklava Sweets": {
    "description": "Mediterranean Desserts",
    "gps_coordinates": null
  },
  "Shutdown Sewing": {
    "description": "Handcrafted Textiles",
    "gps_coordinates": null
  },
  "Bisnonna Bakeshop": {
    "description": "Italian Artisan Pastry",
    "gps_coordinates": {
      "latitude": 38.8556057,
      "longitude": -77.3158847
    }
  },
  "Begona Morton Studio LLC": {
    "description": "Classic & Modern Fine Art",
    "gps_coordinates": {
      "latitude": 32.824552499999996,
      "longitude": -117.1089784
    }
  },
  "Pet Wants Chantilly": {
    "description": "Dog Treats & Chews \"Spaw\" Products",
    "gps_coordinates": {
      "latitude": 38.9850857,
      "longitude": -77.5024766
    }
  },
  "NOVA Nano Coffee Roaster": {
    "description": "On Demand Coffee Roaster",
    "gps_coordinates": {
      "latitude": 38.003432,
      "longitude": -79.420915
    }
  },
  "Ed Me Learning": {
    "description": "Educational kits, texts, & Notebooks",
    "gps_coordinates": null
  },
  "Knieriem Designs": {
    "description": "Ethically Made Clothing",
    "gps_coordinates": {
      "latitude": 38.131944399999995,
      "longitude": -79.3308385
    }
  },
  "Puffball Designs LLC": {
    "description": "Handcrafted Decorative Arts",
    "gps_coordinates": null
  },
  "Gaffney Woodworking": {
    "description": "Custom Woodworking & Furniture",
    "gps_coordinates": null
  },
  "Blue Hyacinth Mosaics": {
    "description": "Mosaics & Art Education",
    "gps_coordinates": null
  },
  "Body Fit Nutrition": {
    "description": "Gourmet Sugar Free Sweets",
    "gps_coordinates": null
  },
  "Evermay Bees": {
    "description": "Honey, Candles, Soaps, Jewelry",
    "gps_coordinates": {
      "latitude": 38.940944099999996,
      "longitude": -77.1538683
    }
  },
  "Be A Masterpiece": {
    "description": "Personalized Custom Items",
    "gps_coordinates": null
  },
  "344 Frost": {
    "description": "Artisan Stained Glass & Ceramics",
    "gps_coordinates": null
  },
  "D Burke Designs": {
    "description": "Handmade Furniture",
    "gps_coordinates": null
  },
  "Warner Wood Co.": {
    "description": "Custom Woodworking",
    "gps_coordinates": null
  },
  "Dagmara Weinberg": {
    "description": "Art Photography / Scarves / Coasters",
    "gps_coordinates": null
  },
  "D Boss PRINTS": {
    "description": "Custom MADE PROMOTIONAL ITEMS",
    "gps_coordinates": {
      "latitude": 38.7334447,
      "longitude": -77.199248
    }
  },
  "Family of Nuts": {
    "description": "Master Nut Roaster",
    "gps_coordinates": {
      "latitude": 38.8947079,
      "longitude": -77.4550582
    }
  },
  "River Sea Chocolates": {
    "description": "Ethically Crafted Chocolate",
    "gps_coordinates": {
      "latitude": 38.8833638,
      "longitude": -77.44454549999999
    }
  },
  "Chesapeake Chocolates": {
    "description": "Handmade Chocolates",
    "gps_coordinates": {
      "latitude": 38.968429199999996,
      "longitude": -77.3411436
    }
  },
  "Thulisa Naturals": {
    "description": "Handmade Bath and Body Products",
    "gps_coordinates": {
      "latitude": 38.883333,
      "longitude": -77.4444941
    }
  },
  "Delectable Dining By Chef G": {
    "description": "Ready To Eat Meals & Quick Breads",
    "gps_coordinates": null
  },
  "Nabila Salame": {
    "description": "ARZI Math Activity Books",
    "gps_coordinates": null
  },
  "Cards By Carol Lee": {
    "description": "Cards and Photography",
    "gps_coordinates": {
      "latitude": 33.0646065,
      "longitude": -97.08365549999999
    }
  },
  "Flatline Forge": {
    "description": "Cutlery and Historical Ironwork",
    "gps_coordinates": {
      "latitude": 39.019520799999995,
      "longitude": -77.07542839999999
    }
  },
  "Cervantes Coffee": {
    "description": "Artisan Coffee Roaster",
    "gps_coordinates": {
      "latitude": 38.7429231,
      "longitude": -77.2043441
    }
  },
  "Settle Down Easy Brewing": {
    "description": "Brewery",
    "gps_coordinates": {
      "latitude": 38.8761556,
      "longitude": -77.20867779999999
    }
  },
  "Pawfectly Delicious Dog Treats": {
    "description": "All-Natural Ginger Dog Treats",
    "gps_coordinates": {
      "latitude": 38.7343913,
      "longitude": -77.05777309999999
    }
  },
  "Vintage Veneers Décor LLC": {
    "description": "Painted Furniture Handcrafted Decor",
    "gps_coordinates": {
      "latitude": 38.7285845,
      "longitude": -77.7267415
    }
  },
  "Conecopia Gelato": {
    "description": "Home Made Artisan Gelato",
    "gps_coordinates": null
  },
  "Monika Stedul": {
    "description": "Handcrafted Artisan Silver Jewelry",
    "gps_coordinates": null
  },
  "3D Herndon": {
    "description": "3D Printing",
    "gps_coordinates": {
      "latitude": 38.9563534,
      "longitude": -77.3838506
    }
  },
  "Kingdom Gourmet Foods": {
    "description": "All-Natural Healthy Snack Foods",
    "gps_coordinates": {
      "latitude": 38.7263087,
      "longitude": -77.1987473
    }
  },
  "Dano's Granola": {
    "description": "Vegan, Gluten Free & Organic Granola",
    "gps_coordinates": {
      "latitude": 38.8833246,
      "longitude": -77.4447811
    }
  },
  "Shea That Again!": {
    "description": "Handcrafted Natural Skin Products",
    "gps_coordinates": null
  },
  "Wiggles & Wags Pet Bakery": {
    "description": "Homemade Dog Treats & Cookie Cakes",
    "gps_coordinates": {
      "latitude": 46.423669,
      "longitude": -129.9427086
    }
  },
  "Out of the Bubble Bakery": {
    "description": "Allergy-Friendly Desserts",
    "gps_coordinates": {
      "latitude": 38.780519999999996,
      "longitude": -77.2365398
    }
  },
  "Nitro's Creamery": {
    "description": "Handcrafted Ice Cream & Frozen Desserts",
    "gps_coordinates": {
      "latitude": 47.5239395,
      "longitude": -111.30672659999999
    }
  },
  "SHAD Cups": {
    "description": "Aromatic Coffee Travel Mugs",
    "gps_coordinates": {
      "latitude": 31.7873938,
      "longitude": -97.580067
    }
  },
  "K Tech": {
    "description": "USB Storage Cases",
    "gps_coordinates": null
  },
  "CAE's Artisanal Confections": {
    "description": "Artisanal Wine Jellies, Preserves, and Candies",
    "gps_coordinates": null
  },
  "Woodlawn Press Winery": {
    "description": "Wine",
    "gps_coordinates": {
      "latitude": 38.719919499999996,
      "longitude": -77.1235727
    }
  },
  "Handweaving By Jane Anthony": {
    "description": "Woven Items For Home",
    "gps_coordinates": null
  },
  "Mizz Mozaic": {
    "description": "DIY Mosaic Kits",
    "gps_coordinates": {
      "latitude": 38.4154384,
      "longitude": -79.0398184
    }
  },
  "Heirloom Cloud": {
    "description": "Photo and Video Digitizing",
    "gps_coordinates": {
      "latitude": 32.8094068,
      "longitude": -79.88384599999999
    }
  },
  "Shimmering Seas Studio": {
    "description": "Ocean Inspired Jewelry",
    "gps_coordinates": null
  },
  "Trupti's Craft": {
    "description": "Paper Quilling Cards Ornaments Etc.",
    "gps_coordinates": {
      "latitude": 38.8522444,
      "longitude": -77.301838
    }
  },
  "Craft Gallery of Artisans United": {
    "description": "Handmade Items by Various Artists",
    "gps_coordinates": {
      "latitude": 38.8382484,
      "longitude": -77.2103996
    }
  },
  "Neighborhood Cookin": {
    "description": "BBQ Sauce",
    "gps_coordinates": null
  },
  "Art Center LLC Monroe St. Studio": {
    "description": "Art School",
    "gps_coordinates": {
      "latitude": 43.0654742,
      "longitude": -89.4168255
    }
  },
  "Craft & Color Co": {
    "description": "Coloring books & crafts",
    "gps_coordinates": {
      "latitude": 46.423669,
      "longitude": -129.9427086
    }
  },
  "Innerloop Coffee Roasters": {
    "description": "Specialty Coffee Roasters",
    "gps_coordinates": {
      "latitude": 38.853636,
      "longitude": -77.21200739999999
    }
  },
  "Squill Calligraphy Studio": {
    "description": "Custom Calligraphy Cards & Illustrations",
    "gps_coordinates": null
  },
  "Wrapture Jewelry": {
    "description": "Handmade Kumihimo Jewelry",
    "gps_coordinates": null
  },
  "McCabe's Printing Group": {
    "description": "Printing of Books, Banners, Brochures, and Much More",
    "gps_coordinates": {
      "latitude": 38.875465,
      "longitude": -77.23805399999999
    }
  },
  "GreenFare Organic": {
    "description": "Educational Plant-Based Foods",
    "gps_coordinates": {
      "latitude": 38.97,
      "longitude": -77.3741667
    }
  },
  "Michelle Lynn Thompson LLC": {
    "description": "Handmade Personal Home Accessories",
    "gps_coordinates": null
  },
  "Boso Foods LLC": {
    "description": "Hand-Crafted Gourmet Nuts",
    "gps_coordinates": null
  },
  "Kustom Coffee": {
    "description": "Microbatch Roasted Specialty Coffee",
    "gps_coordinates": {
      "latitude": 38.848781599999995,
      "longitude": -77.303263
    }
  },
  "Alexandria Cake Pop Company": {
    "description": "Cake Pop Bakery",
    "gps_coordinates": {
      "latitude": 45.850943,
      "longitude": -95.386853
    }
  },
  "Hoagland Handmade": {
    "description": "Natural Fiber Knits",
    "gps_coordinates": {
      "latitude": 46.423669,
      "longitude": -129.9427086
    }
  },
  "Good Golly Desserts": {
    "description": "Custom Made Desserts",
    "gps_coordinates": null
  },
  "EmKay Designs Shop": {
    "description": "Custom Vinyl Products",
    "gps_coordinates": null
  },
  "idsignbyshireen": {
    "description": "Wearable Art Recycling4Art",
    "gps_coordinates": null
  },
  "Knafeh Confections": {
    "description": "Authentic Middle Eastern Deserts",
    "gps_coordinates": null
  },
  "OhhSoyGoodness": {
    "description": "Hand-Poured Scented Soy Candles",
    "gps_coordinates": null
  },
  "Arise_For": {
    "description": "Handmade Polymer Clay Accessories",
    "gps_coordinates": null
  },
  "MWR Custom Framing and Engraving": {
    "description": "Custom Picture Framing/Engraving",
    "gps_coordinates": null
  },
  "AlphaGraphics Springfield": {
    "description": "Graphics Designing Printing & Direct Mail",
    "gps_coordinates": {
      "latitude": 38.733928299999995,
      "longitude": -77.19912
    }
  },
  "Virtuous Essence Candle Company": {
    "description": "Handmade & Handpoured Candles",
    "gps_coordinates": {
      "latitude": 46.423669,
      "longitude": -129.9427086
    }
  },
  "Workhouse Arts Center": {
    "description": "Ceramic, Glass, Fabric, & Visual Artworks",
    "gps_coordinates": {
      "latitude": 38.697829399999996,
      "longitude": -77.2546741
    }
  },
  "everelling": {
    "description": "Handmade Art & Gifts",
    "gps_coordinates": {
      "latitude": 46.423669,
      "longitude": -129.9427086
    }
  },
  "Fair City Cookies": {
    "description": "Custom decorated sugar cookies",
    "gps_coordinates": null
  },
  "Bar Therapy LLC": {
    "description": "Farm to Glass Mocktails",
    "gps_coordinates": null
  },
  "Klayish": {
    "description": "Handmade polymer clay jewelry",
    "gps_coordinates": null
  },
  "Smell of Love Candles LLC": {
    "description": "Handcrafted soy candles",
    "gps_coordinates": {
      "latitude": 38.8836349,
      "longitude": -77.26564789999999
    }
  },
  "Jake's Ice Cream": {
    "description": "Small batch Ice cream",
    "gps_coordinates": null
  },
  "Noctiluna": {
    "description": "Hand printed kids products",
    "gps_coordinates": null
  },
  "Simply Sara": {
    "description": "Handmade Soaps, Candles, Body Care",
    "gps_coordinates": null
  },
  "SNUGABUTTER LLC": {
    "description": "Bamboo Baby Clothing",
    "gps_coordinates": null
  },
  "PK Publishing House": {
    "description": "Handcrafted greeting cards",
    "gps_coordinates": null
  },
  "Henterre": {
    "description": "Handmade Polymer Clay Earrings",
    "gps_coordinates": null
  },
  "Tedesco's Sauce Company": {
    "description": "Tomato Sauces",
    "gps_coordinates": null
  },
  "Calypso Rose Designs": {
    "description": "Apparel and Home Decor",
    "gps_coordinates": {
      "latitude": 37.4995143,
      "longitude": -77.5992886
    }
  },
  "Sovereign Treasures": {
    "description": "Hand Painted Glass",
    "gps_coordinates": null
  },
  "JHK Photography Studio": {
    "description": "Landscape & Travel Photography",
    "gps_coordinates": null
  },
  "Elden Street Tea Shop": {
    "description": "Custom Blended Teas",
    "gps_coordinates": null
  },
  "Distinctive Design Jewelry": {
    "description": "Handmade Designer Jewelry",
    "gps_coordinates": null
  },
  "Penelope Thread Room": {
    "description": "Alterations & Handmade Handbags",
    "gps_coordinates": null
  },
  "Maison Noir Chocolatier": {
    "description": "Handmade artisan dark chocolates",
    "gps_coordinates": {
      "latitude": 38.8645734,
      "longitude": -77.2579816
    }
  },
  "Thirdstepdog": {
    "description": "Handmade Jewelry & stickers",
    "gps_coordinates": null
  },
  "Infuzion": {
    "description": "All natural organic lip balm",
    "gps_coordinates": null
  },
  "Curls Studio": {
    "description": "Comics, Illustrations, Wearable Art",
    "gps_coordinates": null
  },
  "Lily and Sparrow Clay": {
    "description": "Handmade polymer clay accessories",
    "gps_coordinates": null
  },
  "Crafting Thru Life": {
    "description": "Laser engraving & resin art",
    "gps_coordinates": null
  },
  "Mother Clusters": {
    "description": "Delectable chocolate clusters",
    "gps_coordinates": null
  },
  "The Shell Patch, LLC": {
    "description": "Jewelry and Seashell Decor",
    "gps_coordinates": null
  },
  "Alison Bakes Cakes": {
    "description": "Cakes, cupcakes, & decorated cookies",
    "gps_coordinates": null
  },
  "Laksh Sarkar Creations": {
    "description": "Hand painted artwork & stationery",
    "gps_coordinates": null
  },
  "Beedzxprss": {
    "description": "Handmade Jewelry & More",
    "gps_coordinates": null
  },
  "Silvergirl Handmade": {
    "description": "Handmade Bags and Accessories",
    "gps_coordinates": null
  },
  "Mystic Lines": {
    "description": "Handmade Jewelry & ResiN art",
    "gps_coordinates": null
  },
  "The Playful Bakester": {
    "description": "Fun-loving Baked Goods",
    "gps_coordinates": null
  },
  "Paper & Gifts by Adele": {
    "description": "Paper Gifts & Stationery",
    "gps_coordinates": null
  },
  "Victoria Barnes Photography": {
    "description": "Nature & Abstract Photography",
    "gps_coordinates": null
  },
  "Alyssa Mae Crafts": {
    "description": "Fun & sentimental gifts",
    "gps_coordinates": null
  },
  "City Dreams": {
    "description": "Local apparel & more",
    "gps_coordinates": null
  },
  "Artsy Soul": {
    "description": "Bottle Art - hand painted bottles",
    "gps_coordinates": null
  },
  "MagickWhimsey": {
    "description": "Multimedia Art Decor",
    "gps_coordinates": null
  },
  "Thread All Things New": {
    "description": "Hand Embroidery",
    "gps_coordinates": null
  },
  "Tysons Creamery LLC": {
    "description": "Artisian Ice Cream",
    "gps_coordinates": null
  },
  "Sistas Sweet Shop": {
    "description": "Baked Goods",
    "gps_coordinates": null
  },
  "Miss Boujee Paws": {
    "description": "Custom dog clothes & bandanas",
    "gps_coordinates": null
  },
  "Wandering Knot LLC": {
    "description": "Fine Woodworking",
    "gps_coordinates": null
  },
  "COCKTAIL PARTY LLC": {
    "description": "Wine slush & Gourmet Dips",
    "gps_coordinates": null
  },
  "Ornamentally Vera": {
    "description": "Hand painted ornaments & wool trees",
    "gps_coordinates": null
  },
  "Tommy’s Pawsh Shop": {
    "description": "Handmade Dog Bandanas",
    "gps_coordinates": null
  },
  "Metal & Stone Creations": {
    "description": "Handmade Heirloom Jewelry",
    "gps_coordinates": null
  },
  "Nate’s Crunchy Treats": {
    "description": "Freeze dried treats",
    "gps_coordinates": null
  },
  "Jake’s Gourmet Popcorn": {
    "description": "Artisanal small batch popcorn",
    "gps_coordinates": null
  },
  "OmBaked CBD Boutique": {
    "description": "CBD products",
    "gps_coordinates": null
  },
  "Made 2 Mix Jewelry LLC": {
    "description": "Handmade Jewelry & Accessories",
    "gps_coordinates": null
  },
  "Jolly Holiday Yarns": {
    "description": "Hand Dyed Yarns",
    "gps_coordinates": null
  },
  "Index Coffee Roasters": {
    "description": "Specialty coffee",
    "gps_coordinates": null
  },
  "Papyon Sweet": {
    "description": "Delicious Homemade Treats",
    "gps_coordinates": null
  },
  "Simplicity by Stark": {
    "description": "Digital Invites & Greeting Cards",
    "gps_coordinates": null
  },
  "Maison Luna Crafts": {
    "description": "Luxury Home Fragrances",
    "gps_coordinates": null
  },
  "ZAG 3D Creations": {
    "description": "3d Printed Items",
    "gps_coordinates": null
  },
  "Ready Player N, LLC": {
    "description": "Engaging Card Games",
    "gps_coordinates": null
  }
}